FullTypeName,Assembly,ScriptAssetPath,PrefabCount,PrefabComponentCount,PrefabPaths
GrabPull,Assembly-CSharp,Assets/Scripts/InteractionAndFeel/GrabPull.cs,3,45,Assets/Prefabs/Flower_Daisy.prefab | Assets/Prefabs/Flower_Daisy_lancy Variant.prefab | Assets/Prefabs/Perfect_Daisy.prefab
SquishMove,Assembly-CSharp,Assets/Scripts/InteractionAndFeel/SquishMove.cs,3,45,Assets/Prefabs/Flower_Daisy.prefab | Assets/Prefabs/Flower_Daisy_lancy Variant.prefab | Assets/Prefabs/Perfect_Daisy.prefab
XYTetherJoint,Assembly-CSharp,Assets/Scripts/InteractionAndFeel/XYTetherJoint.cs,3,42,Assets/Prefabs/Flower_Daisy.prefab | Assets/Prefabs/Flower_Daisy_lancy Variant.prefab | Assets/Prefabs/Perfect_Daisy.prefab
FlowerPartRuntime,Assembly-CSharp,Assets/Scripts/GameLogic/FlowerPartRuntime.cs,2,28,Assets/Prefabs/Flower_Daisy.prefab | Assets/Prefabs/Flower_Daisy_lancy Variant.prefab
InteractionEngagement,Assembly-CSharp,Assets/Scripts/Tags/InteractionEngagement.cs,2,26,Assets/Prefabs/Flower_Daisy.prefab | Assets/Prefabs/Flower_Daisy_lancy Variant.prefab
JointBreakFluidResponder,Assembly-CSharp,Assets/Scripts/JointBreakFluidResponder.cs,2,26,Assets/Prefabs/Flower_Daisy.prefab | Assets/Prefabs/Flower_Daisy_lancy Variant.prefab
JointBreakAudioResponder,Assembly-CSharp,Assets/Scripts/JointBreakAudioResponder.cs,2,24,Assets/Prefabs/Flower_Daisy.prefab | Assets/Prefabs/Flower_Daisy_lancy Variant.prefab
ParametricBreathing,Assembly-CSharp,Assets/Scripts/InteractionAndFeel/ParametricBreathing.cs,1,16,Assets/Prefabs/Perfect_Daisy.prefab
JointCutPolicy,Assembly-CSharp,Assets/Scripts/Tags/JointCutPolicy.cs,2,12,Assets/Prefabs/Flower_Daisy.prefab | Assets/Prefabs/Flower_Daisy_lancy Variant.prefab
DynamicMeshCutter.MeshTarget,Assembly-CSharp,Assets/Scripts/DynamicMeshCutter/Scripts/Utility/MeshTarget.cs,2,6,Assets/Prefabs/Flower_Daisy.prefab | Assets/Prefabs/Flower_Daisy_lancy Variant.prefab
EnsureCompoundConvex,Assembly-CSharp,Assets/Scripts/Tags/EnsureCompoundConvex.cs,2,6,Assets/Prefabs/Flower_Daisy.prefab | Assets/Prefabs/Flower_Daisy_lancy Variant.prefab
EnsureConvexCollider,Assembly-CSharp,Assets/Scripts/Tags/EnsureConvexCollider.cs,2,6,Assets/Prefabs/Flower_Daisy.prefab | Assets/Prefabs/Flower_Daisy_lancy Variant.prefab
Obi.ObiEmitter,Obi,Assets/Obi/Scripts/Fluid/Actors/ObiEmitter.cs,3,3,Assets/Emitter.prefab | Assets/Faucet_Emitter.prefab | Assets/Fluid_Emitter_Good.prefab
Obi.ObiEmitterShapeDisk,Obi,Assets/Obi/Scripts/Fluid/DataStructures/ObiEmitterShapeDisk.cs,3,3,Assets/Emitter.prefab | Assets/Faucet_Emitter.prefab | Assets/Fluid_Emitter_Good.prefab
Obi.ObiFluidSurfaceMesher,Obi,Assets/Obi/Scripts/Fluid/Rendering/ObiFluidSurfaceMesher.cs,3,3,Assets/Emitter.prefab | Assets/Faucet_Emitter.prefab | Assets/Fluid_Emitter_Good.prefab
Obi.ObiParticleRenderer,Obi,Assets/Obi/Scripts/Common/Rendering/ObiParticleRenderer.cs,3,3,Assets/Emitter.prefab | Assets/Faucet_Emitter.prefab | Assets/Fluid_Emitter_Good.prefab
FlowerGameBrain,Assembly-CSharp,Assets/Scripts/GameLogic/FlowerGameBrain.cs,2,2,Assets/Prefabs/Flower_Daisy.prefab | Assets/Prefabs/Flower_Daisy_lancy Variant.prefab
FlowerJointRebinder,Assembly-CSharp,Assets/Scripts/Framework/FlowerJointRebinder.cs,2,2,Assets/Prefabs/Flower_Daisy.prefab | Assets/Prefabs/Flower_Daisy_lancy Variant.prefab
FlowerRootAnchor,Assembly-CSharp,Assets/Scripts/Framework/FlowerRootAnchor.cs,2,2,Assets/Prefabs/Flower_Daisy.prefab | Assets/Prefabs/Flower_Daisy_lancy Variant.prefab
FlowerSessionController,Assembly-CSharp,Assets/Scripts/GameLogic/FlowerSessionController.cs,2,2,Assets/Prefabs/Flower_Daisy.prefab | Assets/Prefabs/Flower_Daisy_lancy Variant.prefab
FlowerStemRuntime,Assembly-CSharp,Assets/Scripts/GameLogic/FlowerStemRuntime.cs,2,2,Assets/Prefabs/Flower_Daisy.prefab | Assets/Prefabs/Flower_Daisy_lancy Variant.prefab
FlowerTypeAuthoring,Assembly-CSharp,Assets/Scripts/GameLogic/FlowerTypeAuthoring.cs,2,2,Assets/Prefabs/Flower_Daisy.prefab | Assets/Prefabs/Flower_Daisy_lancy Variant.prefab
InspectableObject,Assembly-CSharp,Assets/Scripts/InspectableObject.cs,2,2,Assets/Prefabs/Brochure.prefab | Assets/Prefabs/Perfect_Daisy.prefab
LeafAttachmentMarker,Assembly-CSharp,Assets/Scripts/Tags/LeafAttachmentMarker.cs,2,2,Assets/Prefabs/Flower_Daisy.prefab | Assets/Prefabs/Flower_Daisy_lancy Variant.prefab
StemPieceMarker,Assembly-CSharp,Assets/Scripts/Tags/StemPieceMarker.cs,2,2,Assets/Prefabs/Flower_Daisy.prefab | Assets/Prefabs/Flower_Daisy_lancy Variant.prefab
CuttingPlaneController,Assembly-CSharp,Assets/Scripts/Framework/CuttingPlaneController.cs,1,1,Assets/Prefabs/CuttingPlane.prefab
DynamicMeshCutter.PlaneBehaviour,Assembly-CSharp,Assets/Scripts/DynamicMeshCutter/Scripts/Utility/PlaneBehaviour.cs,1,1,Assets/Prefabs/CuttingPlane.prefab
StretchAudio,Assembly-CSharp,Assets/Scripts/StretchAudio.cs,1,1,Assets/Prefabs/Flower_Daisy_lancy Variant.prefab
