FullTypeName,Assembly,ScriptAssetPath,SceneCount,SceneComponentCount,ScenePaths
SquishMove,Assembly-CSharp,Assets/Scripts/InteractionAndFeel/SquishMove.cs,15,617,Assets/Scenes/G_Flower_DEC8.unity | Assets/Scenes/Lancy_Tug_Leaves.unity | Assets/Scenes/Marty_Single_Mesh_Flower.unity | Assets/Scenes/Marty_Stem_Cut.unity | Assets/Scenes/Normal_Flower_DEC8.unity | Assets/Scenes/Tug_Leaves_Cut_And_ Angle_Cut_Combonation_NOV29.unity | Assets/Scenes/Tug_Leaves_Cut_Combonation_NOV19.unity | Assets/_Recovery/0 (1).unity | Assets/_Recovery/0 (2).unity | Assets/_Recovery/0 (3).unity | Assets/_Recovery/0 (4).unity | Assets/_Recovery/0 (5).unity | Assets/_Recovery/0 (6).unity | Assets/_Recovery/0 (7).unity | Assets/_Recovery/0.unity
GrabPull,Assembly-CSharp,Assets/Scripts/InteractionAndFeel/GrabPull.cs,15,614,Assets/Scenes/G_Flower_DEC8.unity | Assets/Scenes/Lancy_Tug_Leaves.unity | Assets/Scenes/Marty_Single_Mesh_Flower.unity | Assets/Scenes/Marty_Stem_Cut.unity | Assets/Scenes/Normal_Flower_DEC8.unity | Assets/Scenes/Tug_Leaves_Cut_And_ Angle_Cut_Combonation_NOV29.unity | Assets/Scenes/Tug_Leaves_Cut_Combonation_NOV19.unity | Assets/_Recovery/0 (1).unity | Assets/_Recovery/0 (2).unity | Assets/_Recovery/0 (3).unity | Assets/_Recovery/0 (4).unity | Assets/_Recovery/0 (5).unity | Assets/_Recovery/0 (6).unity | Assets/_Recovery/0 (7).unity | Assets/_Recovery/0.unity
XYTetherJoint,Assembly-CSharp,Assets/Scripts/InteractionAndFeel/XYTetherJoint.cs,15,587,Assets/Scenes/G_Flower_DEC8.unity | Assets/Scenes/Lancy_Tug_Leaves.unity | Assets/Scenes/Marty_Single_Mesh_Flower.unity | Assets/Scenes/Marty_Stem_Cut.unity | Assets/Scenes/Normal_Flower_DEC8.unity | Assets/Scenes/Tug_Leaves_Cut_And_ Angle_Cut_Combonation_NOV29.unity | Assets/Scenes/Tug_Leaves_Cut_Combonation_NOV19.unity | Assets/_Recovery/0 (1).unity | Assets/_Recovery/0 (2).unity | Assets/_Recovery/0 (3).unity | Assets/_Recovery/0 (4).unity | Assets/_Recovery/0 (5).unity | Assets/_Recovery/0 (6).unity | Assets/_Recovery/0 (7).unity | Assets/_Recovery/0.unity
ParametricBreathing,Assembly-CSharp,Assets/Scripts/InteractionAndFeel/ParametricBreathing.cs,8,130,Assets/Scenes/G_Flower_DEC8.unity | Assets/Scenes/Lancy_Tug_Leaves.unity | Assets/_Recovery/0 (1).unity | Assets/_Recovery/0 (2).unity | Assets/_Recovery/0 (5).unity | Assets/_Recovery/0 (6).unity | Assets/_Recovery/0 (7).unity | Assets/_Recovery/0.unity
FlowerPartRuntime,Assembly-CSharp,Assets/Scripts/GameLogic/FlowerPartRuntime.cs,6,102,Assets/Scenes/G_Flower_DEC8.unity | Assets/Scenes/Lancy_Tug_Leaves.unity | Assets/Scenes/Normal_Flower_DEC8.unity | Assets/Scenes/Tug_Leaves_Cut_And_ Angle_Cut_Combonation_NOV29.unity | Assets/Scenes/Tug_Leaves_Cut_Combonation_NOV19.unity | Assets/_Recovery/0 (7).unity
InteractionEngagement,Assembly-CSharp,Assets/Scripts/Tags/InteractionEngagement.cs,6,97,Assets/Scenes/G_Flower_DEC8.unity | Assets/Scenes/Lancy_Tug_Leaves.unity | Assets/Scenes/Normal_Flower_DEC8.unity | Assets/Scenes/Tug_Leaves_Cut_And_ Angle_Cut_Combonation_NOV29.unity | Assets/Scenes/Tug_Leaves_Cut_Combonation_NOV19.unity | Assets/_Recovery/0 (7).unity
JointBreakFluidResponder,Assembly-CSharp,Assets/Scripts/JointBreakFluidResponder.cs,6,97,Assets/Scenes/G_Flower_DEC8.unity | Assets/Scenes/Lancy_Tug_Leaves.unity | Assets/Scenes/Normal_Flower_DEC8.unity | Assets/Scenes/Tug_Leaves_Cut_And_ Angle_Cut_Combonation_NOV29.unity | Assets/Scenes/Tug_Leaves_Cut_Combonation_NOV19.unity | Assets/_Recovery/0 (7).unity
TMPro.TextMeshProUGUI,Unity.TextMeshPro,Packages/com.unity.ugui/Runtime/TMP/TextMeshProUGUI.cs,6,91,Assets/Scenes/G_Flower_DEC8.unity | Assets/Scenes/L_Main_Menu.unity | Assets/Scenes/Main_Menu.unity | Assets/Scenes/Normal_Flower_DEC8.unity | Assets/Scenes/Tug_Leaves_Cut_And_ Angle_Cut_Combonation_NOV29.unity | Assets/Scenes/Tug_Leaves_Cut_Combonation_NOV19.unity
JointBreakAudioResponder,Assembly-CSharp,Assets/Scripts/JointBreakAudioResponder.cs,6,88,Assets/Scenes/G_Flower_DEC8.unity | Assets/Scenes/Lancy_Tug_Leaves.unity | Assets/Scenes/Normal_Flower_DEC8.unity | Assets/Scenes/Tug_Leaves_Cut_And_ Angle_Cut_Combonation_NOV29.unity | Assets/Scenes/Tug_Leaves_Cut_Combonation_NOV19.unity | Assets/_Recovery/0 (7).unity
UnityEngine.UI.Image,UnityEngine.UI,Packages/com.unity.ugui/Runtime/UGUI/UI/Core/Image.cs,6,84,Assets/Scenes/G_Flower_DEC8.unity | Assets/Scenes/L_Main_Menu.unity | Assets/Scenes/Main_Menu.unity | Assets/Scenes/Normal_Flower_DEC8.unity | Assets/Scenes/Tug_Leaves_Cut_And_ Angle_Cut_Combonation_NOV29.unity | Assets/Scenes/Tug_Leaves_Cut_Combonation_NOV19.unity
Obi.ObiCollider,Obi,Assets/Obi/Scripts/Common/Collisions/ObiCollider.cs,24,80,Assets/Obi/Samples/Fluid/2DFluidPlayground.unity | Assets/Obi/Samples/Fluid/ComputeFluids.unity | Assets/Obi/Samples/Fluid/FaucetAndBucket.unity | Assets/Obi/Samples/Fluid/FluidFoam.unity | Assets/Obi/Samples/Fluid/FluidGranular.unity | Assets/Obi/Samples/Fluid/FluidJet.unity | Assets/Obi/Samples/Fluid/FluidKarmanVortex.unity | Assets/Obi/Samples/Fluid/FluidMaze.unity | Assets/Obi/Samples/Fluid/FluidMill.unity | Assets/Obi/Samples/Fluid/FluidMixing.unity | Assets/Obi/Samples/Fluid/FluidOverlapQuery.unity | Assets/Obi/Samples/Fluid/FluidRayleighTaylor.unity | Assets/Obi/Samples/Fluid/FluidSmoke.unity | Assets/Obi/Samples/Fluid/FluidSmoke2D.unity | Assets/Obi/Samples/Fluid/FluidViscosity.unity | Assets/Obi/Samples/Fluid/MultiphaseFluidBuoyancy.unity | Assets/Obi/Samples/Fluid/PigmentMixing.unity | Assets/Obi/Samples/Fluid/Raclette.unity | Assets/Obi/Samples/Fluid/RollingFriction.unity | Assets/Obi/Samples/Fluid/SolidifyOnContact.unity | Assets/Obi/Samples/Fluid/WhiskeyBottle.unity | Assets/Scenes/G_Flower_DEC8.unity | Assets/Scenes/Normal_Flower_DEC8.unity | Assets/Scenes/Tug_Leaves_Cut_And_ Angle_Cut_Combonation_NOV29.unity
DynamicMeshCutter.MeshTarget,Assembly-CSharp,Assets/Scripts/DynamicMeshCutter/Scripts/Utility/MeshTarget.cs,9,58,Assets/Scenes/G_Flower_DEC8.unity | Assets/Scenes/Lancy_Tug_Leaves.unity | Assets/Scenes/Marty_Single_Mesh_Flower.unity | Assets/Scenes/Marty_Stem_Cut.unity | Assets/Scenes/Normal_Flower_DEC8.unity | Assets/Scenes/Tug_Leaves_Cut_And_ Angle_Cut_Combonation_NOV29.unity | Assets/Scenes/Tug_Leaves_Cut_Combonation_NOV19.unity | Assets/Scripts/DynamicMeshCutter/ExampleScene/ExampleScene.unity | Assets/_Recovery/0 (7).unity
EnsureCompoundConvex,Assembly-CSharp,Assets/Scripts/Tags/EnsureCompoundConvex.cs,9,58,Assets/Scenes/G_Flower_DEC8.unity | Assets/Scenes/Lancy_Tug_Leaves.unity | Assets/Scenes/Marty_Single_Mesh_Flower.unity | Assets/Scenes/Marty_Stem_Cut.unity | Assets/Scenes/Normal_Flower_DEC8.unity | Assets/Scenes/Tug_Leaves_Cut_And_ Angle_Cut_Combonation_NOV29.unity | Assets/Scenes/Tug_Leaves_Cut_Combonation_NOV19.unity | Assets/Scripts/DynamicMeshCutter/ExampleScene/ExampleScene.unity | Assets/_Recovery/0 (7).unity
EnsureConvexCollider,Assembly-CSharp,Assets/Scripts/Tags/EnsureConvexCollider.cs,9,58,Assets/Scenes/G_Flower_DEC8.unity | Assets/Scenes/Lancy_Tug_Leaves.unity | Assets/Scenes/Marty_Single_Mesh_Flower.unity | Assets/Scenes/Marty_Stem_Cut.unity | Assets/Scenes/Normal_Flower_DEC8.unity | Assets/Scenes/Tug_Leaves_Cut_And_ Angle_Cut_Combonation_NOV29.unity | Assets/Scenes/Tug_Leaves_Cut_Combonation_NOV19.unity | Assets/Scripts/DynamicMeshCutter/ExampleScene/ExampleScene.unity | Assets/_Recovery/0 (7).unity
UnityEngine.UI.Button,UnityEngine.UI,Packages/com.unity.ugui/Runtime/UGUI/UI/Core/Button.cs,6,46,Assets/Scenes/G_Flower_DEC8.unity | Assets/Scenes/L_Main_Menu.unity | Assets/Scenes/Main_Menu.unity | Assets/Scenes/Normal_Flower_DEC8.unity | Assets/Scenes/Tug_Leaves_Cut_And_ Angle_Cut_Combonation_NOV29.unity | Assets/Scenes/Tug_Leaves_Cut_Combonation_NOV19.unity
JointCutPolicy,Assembly-CSharp,Assets/Scripts/Tags/JointCutPolicy.cs,6,44,Assets/Scenes/G_Flower_DEC8.unity | Assets/Scenes/Lancy_Tug_Leaves.unity | Assets/Scenes/Normal_Flower_DEC8.unity | Assets/Scenes/Tug_Leaves_Cut_And_ Angle_Cut_Combonation_NOV29.unity | Assets/Scenes/Tug_Leaves_Cut_Combonation_NOV19.unity | Assets/_Recovery/0 (7).unity
SafeBreathing,Assembly-CSharp,Assets/Scripts/InteractionAndFeel/SafeBreathing.cs,7,42,Assets/Scenes/Lancy_Tug_Leaves.unity | Assets/_Recovery/0 (1).unity | Assets/_Recovery/0 (2).unity | Assets/_Recovery/0 (5).unity | Assets/_Recovery/0 (6).unity | Assets/_Recovery/0 (7).unity | Assets/_Recovery/0.unity
UnityEngine.UI.CanvasScaler,UnityEngine.UI,Packages/com.unity.ugui/Runtime/UGUI/UI/Core/Layout/CanvasScaler.cs,11,35,Assets/Obi/Samples/Fluid/FaucetAndBucket.unity | Assets/Obi/Samples/Fluid/FluidJet.unity | Assets/Obi/Samples/Fluid/FluidMaze.unity | Assets/Obi/Samples/Fluid/SolidifyOnContact.unity | Assets/Scenes/G_Flower_DEC8.unity | Assets/Scenes/L_Main_Menu.unity | Assets/Scenes/Main_Menu.unity | Assets/Scenes/Normal_Flower_DEC8.unity | Assets/Scenes/Tug_Leaves_Cut_And_ Angle_Cut_Combonation_NOV29.unity | Assets/Scenes/Tug_Leaves_Cut_Combonation_NOV19.unity | Assets/Scripts/DynamicMeshCutter/ExampleScene/ExampleScene.unity
UnityEngine.UI.GraphicRaycaster,UnityEngine.UI,Packages/com.unity.ugui/Runtime/UGUI/UI/Core/GraphicRaycaster.cs,11,35,Assets/Obi/Samples/Fluid/FaucetAndBucket.unity | Assets/Obi/Samples/Fluid/FluidJet.unity | Assets/Obi/Samples/Fluid/FluidMaze.unity | Assets/Obi/Samples/Fluid/SolidifyOnContact.unity | Assets/Scenes/G_Flower_DEC8.unity | Assets/Scenes/L_Main_Menu.unity | Assets/Scenes/Main_Menu.unity | Assets/Scenes/Normal_Flower_DEC8.unity | Assets/Scenes/Tug_Leaves_Cut_And_ Angle_Cut_Combonation_NOV29.unity | Assets/Scenes/Tug_Leaves_Cut_Combonation_NOV19.unity | Assets/Scripts/DynamicMeshCutter/ExampleScene/ExampleScene.unity
Obi.ObiEmitter,Obi,Assets/Obi/Scripts/Fluid/Actors/ObiEmitter.cs,24,33,Assets/Obi/Samples/Fluid/2DFluidPlayground.unity | Assets/Obi/Samples/Fluid/ComputeFluids.unity | Assets/Obi/Samples/Fluid/FaucetAndBucket.unity | Assets/Obi/Samples/Fluid/FluidFoam.unity | Assets/Obi/Samples/Fluid/FluidGranular.unity | Assets/Obi/Samples/Fluid/FluidJet.unity | Assets/Obi/Samples/Fluid/FluidKarmanVortex.unity | Assets/Obi/Samples/Fluid/FluidMaze.unity | Assets/Obi/Samples/Fluid/FluidMill.unity | Assets/Obi/Samples/Fluid/FluidMixing.unity | Assets/Obi/Samples/Fluid/FluidOverlapQuery.unity | Assets/Obi/Samples/Fluid/FluidRayleighTaylor.unity | Assets/Obi/Samples/Fluid/FluidSmoke.unity | Assets/Obi/Samples/Fluid/FluidSmoke2D.unity | Assets/Obi/Samples/Fluid/FluidViscosity.unity | Assets/Obi/Samples/Fluid/MultiphaseFluidBuoyancy.unity | Assets/Obi/Samples/Fluid/PigmentMixing.unity | Assets/Obi/Samples/Fluid/Raclette.unity | Assets/Obi/Samples/Fluid/RollingFriction.unity | Assets/Obi/Samples/Fluid/SimpleFluid.unity | Assets/Obi/Samples/Fluid/SolidifyOnContact.unity | Assets/Obi/Samples/Fluid/WhiskeyBottle.unity | Assets/Scenes/Normal_Flower_DEC8.unity | Assets/Scenes/Tug_Leaves_Cut_And_ Angle_Cut_Combonation_NOV29.unity
Obi.ObiSolver,Obi,Assets/Obi/Scripts/Common/Solver/ObiSolver.cs,25,25,Assets/Obi/Samples/Fluid/2DFluidPlayground.unity | Assets/Obi/Samples/Fluid/ComputeFluids.unity | Assets/Obi/Samples/Fluid/FaucetAndBucket.unity | Assets/Obi/Samples/Fluid/FluidFoam.unity | Assets/Obi/Samples/Fluid/FluidGranular.unity | Assets/Obi/Samples/Fluid/FluidJet.unity | Assets/Obi/Samples/Fluid/FluidKarmanVortex.unity | Assets/Obi/Samples/Fluid/FluidMaze.unity | Assets/Obi/Samples/Fluid/FluidMill.unity | Assets/Obi/Samples/Fluid/FluidMixing.unity | Assets/Obi/Samples/Fluid/FluidOverlapQuery.unity | Assets/Obi/Samples/Fluid/FluidRayleighTaylor.unity | Assets/Obi/Samples/Fluid/FluidSmoke.unity | Assets/Obi/Samples/Fluid/FluidSmoke2D.unity | Assets/Obi/Samples/Fluid/FluidViscosity.unity | Assets/Obi/Samples/Fluid/MultiphaseFluidBuoyancy.unity | Assets/Obi/Samples/Fluid/PigmentMixing.unity | Assets/Obi/Samples/Fluid/Raclette.unity | Assets/Obi/Samples/Fluid/RollingFriction.unity | Assets/Obi/Samples/Fluid/SimpleFluid.unity | Assets/Obi/Samples/Fluid/SolidifyOnContact.unity | Assets/Obi/Samples/Fluid/WhiskeyBottle.unity | Assets/Scenes/G_Flower_DEC8.unity | Assets/Scenes/Normal_Flower_DEC8.unity | Assets/Scenes/Tug_Leaves_Cut_And_ Angle_Cut_Combonation_NOV29.unity
Obi.ObiParticleRenderer,Obi,Assets/Obi/Scripts/Common/Rendering/ObiParticleRenderer.cs,15,24,Assets/Obi/Samples/Fluid/2DFluidPlayground.unity | Assets/Obi/Samples/Fluid/ComputeFluids.unity | Assets/Obi/Samples/Fluid/FaucetAndBucket.unity | Assets/Obi/Samples/Fluid/FluidFoam.unity | Assets/Obi/Samples/Fluid/FluidGranular.unity | Assets/Obi/Samples/Fluid/FluidKarmanVortex.unity | Assets/Obi/Samples/Fluid/FluidMixing.unity | Assets/Obi/Samples/Fluid/FluidOverlapQuery.unity | Assets/Obi/Samples/Fluid/FluidRayleighTaylor.unity | Assets/Obi/Samples/Fluid/FluidSmoke.unity | Assets/Obi/Samples/Fluid/FluidSmoke2D.unity | Assets/Obi/Samples/Fluid/MultiphaseFluidBuoyancy.unity | Assets/Obi/Samples/Fluid/PigmentMixing.unity | Assets/Scenes/Normal_Flower_DEC8.unity | Assets/Scenes/Tug_Leaves_Cut_And_ Angle_Cut_Combonation_NOV29.unity
UnityEngine.Rendering.Universal.UniversalAdditionalLightData,Unity.RenderPipelines.Universal.Runtime,Packages/com.unity.render-pipelines.universal/Runtime/UniversalAdditionalLightData.cs,19,21,Assets/Obi/Samples/Fluid/RollingFriction.unity | Assets/Scenes/G_Flower_DEC8.unity | Assets/Scenes/L_Main_Menu.unity | Assets/Scenes/Lancy_Tug_Leaves.unity | Assets/Scenes/Main_Menu.unity | Assets/Scenes/Marty_Single_Mesh_Flower.unity | Assets/Scenes/Marty_Stem_Cut.unity | Assets/Scenes/Normal_Flower_DEC8.unity | Assets/Scenes/Tug_Leaves_Cut_And_ Angle_Cut_Combonation_NOV29.unity | Assets/Scenes/Tug_Leaves_Cut_Combonation_NOV19.unity | Assets/Scripts/DynamicMeshCutter/ExampleScene/ExampleScene.unity | Assets/_Recovery/0 (1).unity | Assets/_Recovery/0 (2).unity | Assets/_Recovery/0 (3).unity | Assets/_Recovery/0 (4).unity | Assets/_Recovery/0 (5).unity | Assets/_Recovery/0 (6).unity | Assets/_Recovery/0 (7).unity | Assets/_Recovery/0.unity
Obi.ObiFluidSurfaceMesher,Obi,Assets/Obi/Scripts/Fluid/Rendering/ObiFluidSurfaceMesher.cs,15,20,Assets/Obi/Samples/Fluid/ComputeFluids.unity | Assets/Obi/Samples/Fluid/FaucetAndBucket.unity | Assets/Obi/Samples/Fluid/FluidFoam.unity | Assets/Obi/Samples/Fluid/FluidJet.unity | Assets/Obi/Samples/Fluid/FluidMaze.unity | Assets/Obi/Samples/Fluid/FluidMill.unity | Assets/Obi/Samples/Fluid/FluidOverlapQuery.unity | Assets/Obi/Samples/Fluid/FluidViscosity.unity | Assets/Obi/Samples/Fluid/MultiphaseFluidBuoyancy.unity | Assets/Obi/Samples/Fluid/Raclette.unity | Assets/Obi/Samples/Fluid/SimpleFluid.unity | Assets/Obi/Samples/Fluid/SolidifyOnContact.unity | Assets/Obi/Samples/Fluid/WhiskeyBottle.unity | Assets/Scenes/Normal_Flower_DEC8.unity | Assets/Scenes/Tug_Leaves_Cut_And_ Angle_Cut_Combonation_NOV29.unity
UnityEngine.Rendering.Universal.UniversalAdditionalCameraData,Unity.RenderPipelines.Universal.Runtime,Packages/com.unity.render-pipelines.universal/Runtime/UniversalAdditionalCameraData.cs,20,20,Assets/Obi/Samples/Fluid/FluidOverlapQuery.unity | Assets/Obi/Samples/Fluid/FluidViscosity.unity | Assets/Scenes/G_Flower_DEC8.unity | Assets/Scenes/L_Main_Menu.unity | Assets/Scenes/Lancy_Tug_Leaves.unity | Assets/Scenes/Main_Menu.unity | Assets/Scenes/Marty_Single_Mesh_Flower.unity | Assets/Scenes/Marty_Stem_Cut.unity | Assets/Scenes/Normal_Flower_DEC8.unity | Assets/Scenes/Tug_Leaves_Cut_And_ Angle_Cut_Combonation_NOV29.unity | Assets/Scenes/Tug_Leaves_Cut_Combonation_NOV19.unity | Assets/Scripts/DynamicMeshCutter/ExampleScene/ExampleScene.unity | Assets/_Recovery/0 (1).unity | Assets/_Recovery/0 (2).unity | Assets/_Recovery/0 (3).unity | Assets/_Recovery/0 (4).unity | Assets/_Recovery/0 (5).unity | Assets/_Recovery/0 (6).unity | Assets/_Recovery/0 (7).unity | Assets/_Recovery/0.unity
Obi.BurstColliderWorld,Obi,Assets/Obi/Scripts/Common/Backends/Burst/Collisions/BurstColliderWorld.cs,19,19,Assets/Obi/Samples/Fluid/FaucetAndBucket.unity | Assets/Obi/Samples/Fluid/FluidFoam.unity | Assets/Obi/Samples/Fluid/FluidGranular.unity | Assets/Obi/Samples/Fluid/FluidJet.unity | Assets/Obi/Samples/Fluid/FluidKarmanVortex.unity | Assets/Obi/Samples/Fluid/FluidMaze.unity | Assets/Obi/Samples/Fluid/FluidMill.unity | Assets/Obi/Samples/Fluid/FluidMixing.unity | Assets/Obi/Samples/Fluid/FluidOverlapQuery.unity | Assets/Obi/Samples/Fluid/FluidRayleighTaylor.unity | Assets/Obi/Samples/Fluid/FluidViscosity.unity | Assets/Obi/Samples/Fluid/MultiphaseFluidBuoyancy.unity | Assets/Obi/Samples/Fluid/PigmentMixing.unity | Assets/Obi/Samples/Fluid/Raclette.unity | Assets/Obi/Samples/Fluid/RollingFriction.unity | Assets/Obi/Samples/Fluid/SimpleFluid.unity | Assets/Obi/Samples/Fluid/SolidifyOnContact.unity | Assets/Obi/Samples/Fluid/WhiskeyBottle.unity | Assets/Scenes/Tug_Leaves_Cut_And_ Angle_Cut_Combonation_NOV29.unity
Obi.ObiRigidbody,Obi,Assets/Obi/Scripts/Common/Collisions/ObiRigidbody.cs,11,19,Assets/Obi/Samples/Fluid/FaucetAndBucket.unity | Assets/Obi/Samples/Fluid/FluidGranular.unity | Assets/Obi/Samples/Fluid/FluidKarmanVortex.unity | Assets/Obi/Samples/Fluid/FluidMaze.unity | Assets/Obi/Samples/Fluid/FluidMill.unity | Assets/Obi/Samples/Fluid/FluidViscosity.unity | Assets/Obi/Samples/Fluid/MultiphaseFluidBuoyancy.unity | Assets/Obi/Samples/Fluid/WhiskeyBottle.unity | Assets/Scenes/G_Flower_DEC8.unity | Assets/Scenes/Normal_Flower_DEC8.unity | Assets/Scenes/Tug_Leaves_Cut_And_ Angle_Cut_Combonation_NOV29.unity
Obi.ObiEmitterShapeEdge,Obi,Assets/Obi/Scripts/Fluid/DataStructures/ObiEmitterShapeEdge.cs,12,16,Assets/Obi/Samples/Fluid/FluidFoam.unity | Assets/Obi/Samples/Fluid/FluidJet.unity | Assets/Obi/Samples/Fluid/FluidKarmanVortex.unity | Assets/Obi/Samples/Fluid/FluidMaze.unity | Assets/Obi/Samples/Fluid/FluidMixing.unity | Assets/Obi/Samples/Fluid/FluidOverlapQuery.unity | Assets/Obi/Samples/Fluid/FluidSmoke.unity | Assets/Obi/Samples/Fluid/FluidSmoke2D.unity | Assets/Obi/Samples/Fluid/FluidViscosity.unity | Assets/Obi/Samples/Fluid/MultiphaseFluidBuoyancy.unity | Assets/Obi/Samples/Fluid/PigmentMixing.unity | Assets/Obi/Samples/Fluid/SimpleFluid.unity
UnityEngine.Rendering.Volume,Unity.RenderPipelines.Core.Runtime,Packages/com.unity.render-pipelines.core/Runtime/Volume/Volume.cs,16,16,Assets/Scenes/G_Flower_DEC8.unity | Assets/Scenes/L_Main_Menu.unity | Assets/Scenes/Lancy_Tug_Leaves.unity | Assets/Scenes/Marty_Single_Mesh_Flower.unity | Assets/Scenes/Marty_Stem_Cut.unity | Assets/Scenes/Normal_Flower_DEC8.unity | Assets/Scenes/Tug_Leaves_Cut_And_ Angle_Cut_Combonation_NOV29.unity | Assets/Scenes/Tug_Leaves_Cut_Combonation_NOV19.unity | Assets/_Recovery/0 (1).unity | Assets/_Recovery/0 (2).unity | Assets/_Recovery/0 (3).unity | Assets/_Recovery/0 (4).unity | Assets/_Recovery/0 (5).unity | Assets/_Recovery/0 (6).unity | Assets/_Recovery/0 (7).unity | Assets/_Recovery/0.unity
DynamicMeshCutter.DynamicRagdollPart,Assembly-CSharp,Assets/Scripts/DynamicMeshCutter/Scripts/Ragdoll/DynamicRagdollPart.cs,1,15,Assets/Scripts/DynamicMeshCutter/ExampleScene/ExampleScene.unity
Obi.ObiEmitterShapeDisk,Obi,Assets/Obi/Scripts/Fluid/DataStructures/ObiEmitterShapeDisk.cs,10,14,Assets/Obi/Samples/Fluid/ComputeFluids.unity | Assets/Obi/Samples/Fluid/FaucetAndBucket.unity | Assets/Obi/Samples/Fluid/FluidGranular.unity | Assets/Obi/Samples/Fluid/FluidMill.unity | Assets/Obi/Samples/Fluid/FluidSmoke.unity | Assets/Obi/Samples/Fluid/Raclette.unity | Assets/Obi/Samples/Fluid/RollingFriction.unity | Assets/Obi/Samples/Fluid/SolidifyOnContact.unity | Assets/Scenes/Normal_Flower_DEC8.unity | Assets/Scenes/Tug_Leaves_Cut_And_ Angle_Cut_Combonation_NOV29.unity
DynamicMeshCutter.PlaneBehaviour,Assembly-CSharp,Assets/Scripts/DynamicMeshCutter/Scripts/Utility/PlaneBehaviour.cs,7,13,Assets/Scenes/G_Flower_DEC8.unity | Assets/Scenes/Marty_Single_Mesh_Flower.unity | Assets/Scenes/Marty_Stem_Cut.unity | Assets/Scenes/Normal_Flower_DEC8.unity | Assets/Scenes/Tug_Leaves_Cut_And_ Angle_Cut_Combonation_NOV29.unity | Assets/Scenes/Tug_Leaves_Cut_Combonation_NOV19.unity | Assets/Scripts/DynamicMeshCutter/ExampleScene/ExampleScene.unity
Obi.ObiFluidBuiltInRendererFeature,Obi,Assets/Obi/Scripts/Fluid/Rendering/ObiFluidBuiltInRendererFeature.cs,12,12,Assets/Obi/Samples/Fluid/2DFluidPlayground.unity | Assets/Obi/Samples/Fluid/ComputeFluids.unity | Assets/Obi/Samples/Fluid/FaucetAndBucket.unity | Assets/Obi/Samples/Fluid/FluidFoam.unity | Assets/Obi/Samples/Fluid/FluidJet.unity | Assets/Obi/Samples/Fluid/FluidMill.unity | Assets/Obi/Samples/Fluid/FluidOverlapQuery.unity | Assets/Obi/Samples/Fluid/FluidViscosity.unity | Assets/Obi/Samples/Fluid/MultiphaseFluidBuoyancy.unity | Assets/Obi/Samples/Fluid/SimpleFluid.unity | Assets/Obi/Samples/Fluid/SolidifyOnContact.unity | Assets/Obi/Samples/Fluid/WhiskeyBottle.unity
UnityEngine.UI.Text,UnityEngine.UI,Packages/com.unity.ugui/Runtime/UGUI/UI/Core/Text.cs,5,12,Assets/Obi/Samples/Fluid/FaucetAndBucket.unity | Assets/Obi/Samples/Fluid/FluidJet.unity | Assets/Obi/Samples/Fluid/FluidMaze.unity | Assets/Obi/Samples/Fluid/SolidifyOnContact.unity | Assets/Scripts/DynamicMeshCutter/ExampleScene/ExampleScene.unity
UnityEngine.EventSystems.EventSystem,UnityEngine.UI,Packages/com.unity.ugui/Runtime/UGUI/EventSystem/EventSystem.cs,10,10,Assets/Obi/Samples/Fluid/ComputeFluids.unity | Assets/Obi/Samples/Fluid/FaucetAndBucket.unity | Assets/Obi/Samples/Fluid/WhiskeyBottle.unity | Assets/Scenes/G_Flower_DEC8.unity | Assets/Scenes/L_Main_Menu.unity | Assets/Scenes/Main_Menu.unity | Assets/Scenes/Normal_Flower_DEC8.unity | Assets/Scenes/Tug_Leaves_Cut_And_ Angle_Cut_Combonation_NOV29.unity | Assets/Scenes/Tug_Leaves_Cut_Combonation_NOV19.unity | Assets/Scripts/DynamicMeshCutter/ExampleScene/ExampleScene.unity
CuttingPlaneController,Assembly-CSharp,Assets/Scripts/Framework/CuttingPlaneController.cs,6,9,Assets/Scenes/G_Flower_DEC8.unity | Assets/Scenes/Marty_Single_Mesh_Flower.unity | Assets/Scenes/Marty_Stem_Cut.unity | Assets/Scenes/Normal_Flower_DEC8.unity | Assets/Scenes/Tug_Leaves_Cut_And_ Angle_Cut_Combonation_NOV29.unity | Assets/Scenes/Tug_Leaves_Cut_Combonation_NOV19.unity
StemPieceMarker,Assembly-CSharp,Assets/Scripts/Tags/StemPieceMarker.cs,6,9,Assets/Scenes/G_Flower_DEC8.unity | Assets/Scenes/Lancy_Tug_Leaves.unity | Assets/Scenes/Normal_Flower_DEC8.unity | Assets/Scenes/Tug_Leaves_Cut_And_ Angle_Cut_Combonation_NOV29.unity | Assets/Scenes/Tug_Leaves_Cut_Combonation_NOV19.unity | Assets/_Recovery/0 (7).unity
LeafAttachmentMarker,Assembly-CSharp,Assets/Scripts/Tags/LeafAttachmentMarker.cs,6,8,Assets/Scenes/G_Flower_DEC8.unity | Assets/Scenes/Lancy_Tug_Leaves.unity | Assets/Scenes/Normal_Flower_DEC8.unity | Assets/Scenes/Tug_Leaves_Cut_And_ Angle_Cut_Combonation_NOV29.unity | Assets/Scenes/Tug_Leaves_Cut_Combonation_NOV19.unity | Assets/_Recovery/0 (7).unity
Obi.Samples.MoveAndRotate,Assembly-CSharp,Assets/Obi/Samples/Common/SampleResources/Scripts/MoveAndRotate.cs,6,8,Assets/Obi/Samples/Fluid/ComputeFluids.unity | Assets/Obi/Samples/Fluid/FluidOverlapQuery.unity | Assets/Obi/Samples/Fluid/FluidSmoke.unity | Assets/Obi/Samples/Fluid/FluidSmoke2D.unity | Assets/Obi/Samples/Fluid/SolidifyOnContact.unity | Assets/Obi/Samples/Fluid/WhiskeyBottle.unity
DynamicMeshCutter.MouseBehaviour,Assembly-CSharp,Assets/Scripts/DynamicMeshCutter/Scripts/Utility/MouseBehaviour.cs,7,7,Assets/Scenes/G_Flower_DEC8.unity | Assets/Scenes/Marty_Single_Mesh_Flower.unity | Assets/Scenes/Marty_Stem_Cut.unity | Assets/Scenes/Normal_Flower_DEC8.unity | Assets/Scenes/Tug_Leaves_Cut_And_ Angle_Cut_Combonation_NOV29.unity | Assets/Scenes/Tug_Leaves_Cut_Combonation_NOV19.unity | Assets/Scripts/DynamicMeshCutter/ExampleScene/ExampleScene.unity
FlowerGameBrain,Assembly-CSharp,Assets/Scripts/GameLogic/FlowerGameBrain.cs,6,7,Assets/Scenes/G_Flower_DEC8.unity | Assets/Scenes/Lancy_Tug_Leaves.unity | Assets/Scenes/Normal_Flower_DEC8.unity | Assets/Scenes/Tug_Leaves_Cut_And_ Angle_Cut_Combonation_NOV29.unity | Assets/Scenes/Tug_Leaves_Cut_Combonation_NOV19.unity | Assets/_Recovery/0 (7).unity
FlowerJointRebinder,Assembly-CSharp,Assets/Scripts/Framework/FlowerJointRebinder.cs,6,7,Assets/Scenes/G_Flower_DEC8.unity | Assets/Scenes/Lancy_Tug_Leaves.unity | Assets/Scenes/Normal_Flower_DEC8.unity | Assets/Scenes/Tug_Leaves_Cut_And_ Angle_Cut_Combonation_NOV29.unity | Assets/Scenes/Tug_Leaves_Cut_Combonation_NOV19.unity | Assets/_Recovery/0 (7).unity
FlowerRootAnchor,Assembly-CSharp,Assets/Scripts/Framework/FlowerRootAnchor.cs,6,7,Assets/Scenes/G_Flower_DEC8.unity | Assets/Scenes/Lancy_Tug_Leaves.unity | Assets/Scenes/Normal_Flower_DEC8.unity | Assets/Scenes/Tug_Leaves_Cut_And_ Angle_Cut_Combonation_NOV29.unity | Assets/Scenes/Tug_Leaves_Cut_Combonation_NOV19.unity | Assets/_Recovery/0 (7).unity
FlowerSessionController,Assembly-CSharp,Assets/Scripts/GameLogic/FlowerSessionController.cs,6,7,Assets/Scenes/G_Flower_DEC8.unity | Assets/Scenes/Lancy_Tug_Leaves.unity | Assets/Scenes/Normal_Flower_DEC8.unity | Assets/Scenes/Tug_Leaves_Cut_And_ Angle_Cut_Combonation_NOV29.unity | Assets/Scenes/Tug_Leaves_Cut_Combonation_NOV19.unity | Assets/_Recovery/0 (7).unity
FlowerStemRuntime,Assembly-CSharp,Assets/Scripts/GameLogic/FlowerStemRuntime.cs,6,7,Assets/Scenes/G_Flower_DEC8.unity | Assets/Scenes/Lancy_Tug_Leaves.unity | Assets/Scenes/Normal_Flower_DEC8.unity | Assets/Scenes/Tug_Leaves_Cut_And_ Angle_Cut_Combonation_NOV29.unity | Assets/Scenes/Tug_Leaves_Cut_Combonation_NOV19.unity | Assets/_Recovery/0 (7).unity
FlowerTypeAuthoring,Assembly-CSharp,Assets/Scripts/GameLogic/FlowerTypeAuthoring.cs,6,7,Assets/Scenes/G_Flower_DEC8.unity | Assets/Scenes/Lancy_Tug_Leaves.unity | Assets/Scenes/Normal_Flower_DEC8.unity | Assets/Scenes/Tug_Leaves_Cut_And_ Angle_Cut_Combonation_NOV29.unity | Assets/Scenes/Tug_Leaves_Cut_Combonation_NOV19.unity | Assets/_Recovery/0 (7).unity
InspectableObject,Assembly-CSharp,Assets/Scripts/InspectableObject.cs,4,6,Assets/Scenes/G_Flower_DEC8.unity | Assets/Scenes/Lancy_Tug_Leaves.unity | Assets/Scenes/Normal_Flower_DEC8.unity | Assets/Scenes/Tug_Leaves_Cut_And_ Angle_Cut_Combonation_NOV29.unity
UnityEngine.InputSystem.UI.InputSystemUIInputModule,Unity.InputSystem,Packages/com.unity.inputsystem/InputSystem/Plugins/UI/InputSystemUIInputModule.cs,6,6,Assets/Scenes/G_Flower_DEC8.unity | Assets/Scenes/L_Main_Menu.unity | Assets/Scenes/Main_Menu.unity | Assets/Scenes/Normal_Flower_DEC8.unity | Assets/Scenes/Tug_Leaves_Cut_And_ Angle_Cut_Combonation_NOV29.unity | Assets/Scenes/Tug_Leaves_Cut_Combonation_NOV19.unity
Obi.ObiDistanceFieldRenderer,Obi,Assets/Obi/Scripts/Common/Rendering/ObiDistanceFieldRenderer.cs,5,5,Assets/Obi/Samples/Fluid/FluidFoam.unity | Assets/Obi/Samples/Fluid/FluidGranular.unity | Assets/Obi/Samples/Fluid/FluidMixing.unity | Assets/Obi/Samples/Fluid/PigmentMixing.unity | Assets/Obi/Samples/Fluid/RollingFriction.unity
DynamicMeshCutter.AngleCuttingPlaneController,Assembly-CSharp,Assets/Scripts/Framework/AngleCuttingPlaneController.cs,4,4,Assets/Scenes/G_Flower_DEC8.unity | Assets/Scenes/Normal_Flower_DEC8.unity | Assets/Scenes/Tug_Leaves_Cut_And_ Angle_Cut_Combonation_NOV29.unity | Assets/Scenes/Tug_Leaves_Cut_Combonation_NOV19.unity
DynamicMeshCutter.AngleStagePlaneBehaviour,Assembly-CSharp,Assets/Scripts/DynamicMeshCutter/Scripts/Utility/AngleStagePlaneBehavior.cs,4,4,Assets/Scenes/G_Flower_DEC8.unity | Assets/Scenes/Normal_Flower_DEC8.unity | Assets/Scenes/Tug_Leaves_Cut_And_ Angle_Cut_Combonation_NOV29.unity | Assets/Scenes/Tug_Leaves_Cut_Combonation_NOV19.unity
DynamicMeshCutter.CutModeManager,Assembly-CSharp,Assets/Scripts/Framework/CutModeManager.cs,4,4,Assets/Scenes/G_Flower_DEC8.unity | Assets/Scenes/Normal_Flower_DEC8.unity | Assets/Scenes/Tug_Leaves_Cut_And_ Angle_Cut_Combonation_NOV29.unity | Assets/Scenes/Tug_Leaves_Cut_Combonation_NOV19.unity
FlowerHUD,Assembly-CSharp,Assets/Scripts/InteractionAndFeel/FlowerHUD.cs,4,4,Assets/Scenes/G_Flower_DEC8.unity | Assets/Scenes/Normal_Flower_DEC8.unity | Assets/Scenes/Tug_Leaves_Cut_And_ Angle_Cut_Combonation_NOV29.unity | Assets/Scenes/Tug_Leaves_Cut_Combonation_NOV19.unity
GameOverUI,Assembly-CSharp,Assets/Scripts/InteractionAndFeel/GameOverUI.cs,4,4,Assets/Scenes/G_Flower_DEC8.unity | Assets/Scenes/Normal_Flower_DEC8.unity | Assets/Scenes/Tug_Leaves_Cut_And_ Angle_Cut_Combonation_NOV29.unity | Assets/Scenes/Tug_Leaves_Cut_Combonation_NOV19.unity
Obi.ComputeColliderWorld,Obi,Assets/Obi/Scripts/Common/Backends/Compute/Collisions/ComputeColliderWorld.cs,4,4,Assets/Obi/Samples/Fluid/2DFluidPlayground.unity | Assets/Obi/Samples/Fluid/ComputeFluids.unity | Assets/Obi/Samples/Fluid/FluidSmoke.unity | Assets/Obi/Samples/Fluid/FluidSmoke2D.unity
Obi.Samples.BucketController,Assembly-CSharp,Assets/Obi/Samples/Fluid/SampleResources/Scripts/BucketController.cs,4,4,Assets/Obi/Samples/Fluid/FaucetAndBucket.unity | Assets/Scenes/G_Flower_DEC8.unity | Assets/Scenes/Normal_Flower_DEC8.unity | Assets/Scenes/Tug_Leaves_Cut_And_ Angle_Cut_Combonation_NOV29.unity
Obi.Samples.MazeScoreFormatter,Assembly-CSharp,Assets/Obi/Samples/Fluid/SampleResources/Scripts/MazeScoreFormatter.cs,1,4,Assets/Obi/Samples/Fluid/FluidMaze.unity
Obi.Samples.ObjectDragger,Assembly-CSharp,Assets/Obi/Samples/Common/SampleResources/Scripts/ObjectDragger.cs,4,4,Assets/Obi/Samples/Fluid/FaucetAndBucket.unity | Assets/Scenes/G_Flower_DEC8.unity | Assets/Scenes/Normal_Flower_DEC8.unity | Assets/Scenes/Tug_Leaves_Cut_And_ Angle_Cut_Combonation_NOV29.unity
Obi.Samples.WaveGenerator,Assembly-CSharp,Assets/Obi/Samples/Fluid/SampleResources/Scripts/WaveGenerator.cs,3,4,Assets/Obi/Samples/Fluid/FluidFoam.unity | Assets/Obi/Samples/Fluid/FluidOverlapQuery.unity | Assets/Obi/Samples/Fluid/FluidSmoke2D.unity
UnityEngine.EventSystems.StandaloneInputModule,UnityEngine.UI,Packages/com.unity.ugui/Runtime/UGUI/EventSystem/InputModules/StandaloneInputModule.cs,4,4,Assets/Obi/Samples/Fluid/ComputeFluids.unity | Assets/Obi/Samples/Fluid/FaucetAndBucket.unity | Assets/Obi/Samples/Fluid/WhiskeyBottle.unity | Assets/Scripts/DynamicMeshCutter/ExampleScene/ExampleScene.unity
AudioManager,Assembly-CSharp,Assets/Scripts/AudioManager.cs,3,3,Assets/Scenes/G_Flower_DEC8.unity | Assets/Scenes/Normal_Flower_DEC8.unity | Assets/Scenes/Tug_Leaves_Cut_And_ Angle_Cut_Combonation_NOV29.unity
DynamicMeshCutter.PlaneAngleTiltController,Assembly-CSharp,Assets/Scripts/Framework/PlaneAngleTiltController.cs,3,3,Assets/Scenes/G_Flower_DEC8.unity | Assets/Scenes/Normal_Flower_DEC8.unity | Assets/Scenes/Tug_Leaves_Cut_And_ Angle_Cut_Combonation_NOV29.unity
FlowerGradingUI,Assembly-CSharp,Assets/Scripts/UI/FlowerGradingUI.cs,3,3,Assets/Scenes/G_Flower_DEC8.unity | Assets/Scenes/Normal_Flower_DEC8.unity | Assets/Scenes/Tug_Leaves_Cut_And_ Angle_Cut_Combonation_NOV29.unity
FlowerSapController,Assembly-CSharp,Assets/Scripts/Fluids/FlowerSapController.cs,3,3,Assets/Scenes/G_Flower_DEC8.unity | Assets/Scenes/Normal_Flower_DEC8.unity | Assets/Scenes/Tug_Leaves_Cut_And_ Angle_Cut_Combonation_NOV29.unity
IdealFlowerHUDIcon,Assembly-CSharp,Assets/Scripts/IdealFlowerHUDIcon.cs,3,3,Assets/Scenes/G_Flower_DEC8.unity | Assets/Scenes/Normal_Flower_DEC8.unity | Assets/Scenes/Tug_Leaves_Cut_And_ Angle_Cut_Combonation_NOV29.unity
InspectionController,Assembly-CSharp,Assets/Scripts/InspectionController.cs,3,3,Assets/Scenes/G_Flower_DEC8.unity | Assets/Scenes/Normal_Flower_DEC8.unity | Assets/Scenes/Tug_Leaves_Cut_And_ Angle_Cut_Combonation_NOV29.unity
ItemsMenuUI,Assembly-CSharp,Assets/Scripts/UI/ItemsMenuUI.cs,3,3,Assets/Scenes/G_Flower_DEC8.unity | Assets/Scenes/Normal_Flower_DEC8.unity | Assets/Scenes/Tug_Leaves_Cut_And_ Angle_Cut_Combonation_NOV29.unity
ItemsRuntimeInventory,Assembly-CSharp,Assets/Scripts/GameLogic/ItemsRuntimeLibrary.cs,3,3,Assets/Scenes/G_Flower_DEC8.unity | Assets/Scenes/Normal_Flower_DEC8.unity | Assets/Scenes/Tug_Leaves_Cut_And_ Angle_Cut_Combonation_NOV29.unity
JuiceMomentController,Assembly-CSharp,Assets/Scripts/GameLogic/JuiceMomentController.cs,3,3,Assets/Scenes/G_Flower_DEC8.unity | Assets/Scenes/Normal_Flower_DEC8.unity | Assets/Scenes/Tug_Leaves_Cut_And_ Angle_Cut_Combonation_NOV29.unity
LevelConfig,Assembly-CSharp,Assets/Scripts/GameLogic/LevelConfig.cs,3,3,Assets/Scenes/G_Flower_DEC8.unity | Assets/Scenes/Normal_Flower_DEC8.unity | Assets/Scenes/Tug_Leaves_Cut_And_ Angle_Cut_Combonation_NOV29.unity
Obi.ObiCollider2D,Obi,Assets/Obi/Scripts/Common/Collisions/ObiCollider2D.cs,1,3,Assets/Obi/Samples/Fluid/SimpleFluid.unity
Obi.ObiEmitterShapeSquare,Obi,Assets/Obi/Scripts/Fluid/DataStructures/ObiEmitterShapeSquare.cs,2,3,Assets/Obi/Samples/Fluid/2DFluidPlayground.unity | Assets/Obi/Samples/Fluid/FluidRayleighTaylor.unity
Obi.ObiFoamEmitter,Obi,Assets/Obi/Scripts/Common/Utils/ObiFoamEmitter.cs,3,3,Assets/Obi/Samples/Fluid/2DFluidPlayground.unity | Assets/Obi/Samples/Fluid/FluidSmoke.unity | Assets/Obi/Samples/Fluid/FluidSmoke2D.unity
Obi.ObiFoamGenerator,Obi,Assets/Obi/Scripts/Common/Utils/ObiFoamGenerator.cs,3,3,Assets/Obi/Samples/Fluid/ComputeFluids.unity | Assets/Obi/Samples/Fluid/FluidFoam.unity | Assets/Obi/Samples/Fluid/FluidKarmanVortex.unity
Obi.ObiInstancedParticleRenderer,Obi,Assets/Obi/Scripts/Common/Rendering/ObiInstancedParticleRenderer.cs,3,3,Assets/Obi/Samples/Fluid/FluidSmoke.unity | Assets/Obi/Samples/Fluid/FluidSmoke2D.unity | Assets/Obi/Samples/Fluid/RollingFriction.unity
Obi.Samples.FluidColorizer,Assembly-CSharp,Assets/Obi/Samples/Fluid/SampleResources/Scripts/FluidColorizer.cs,1,3,Assets/Obi/Samples/Fluid/FluidMaze.unity
Obi.Samples.LookAroundCamera,Assembly-CSharp,Assets/Obi/Samples/Common/SampleResources/Scripts/LookAroundCamera.cs,3,3,Assets/Obi/Samples/Fluid/ComputeFluids.unity | Assets/Obi/Samples/Fluid/SolidifyOnContact.unity | Assets/Obi/Samples/Fluid/WhiskeyBottle.unity
Obi.Samples.ObiFluidPigmentToColor,Assembly-CSharp,Assets/Obi/Samples/Fluid/SampleResources/Scripts/ObiFluidPigmentToColor.cs,1,3,Assets/Obi/Samples/Fluid/PigmentMixing.unity
PauseMenuController,Assembly-CSharp,Assets/Scripts/PauseMenuController.cs,3,3,Assets/Scenes/G_Flower_DEC8.unity | Assets/Scenes/Normal_Flower_DEC8.unity | Assets/Scenes/Tug_Leaves_Cut_And_ Angle_Cut_Combonation_NOV29.unity
PlayerKnowledgeTracker,Assembly-CSharp,Assets/Scripts/GameLogic/PlayerKnowledgeTracker.cs,3,3,Assets/Scenes/G_Flower_DEC8.unity | Assets/Scenes/Normal_Flower_DEC8.unity | Assets/Scenes/Tug_Leaves_Cut_And_ Angle_Cut_Combonation_NOV29.unity
TextDissolveButton,Assembly-CSharp,Assets/Scripts/UI/TextDissolveButton.cs,1,3,Assets/Scenes/L_Main_Menu.unity
ToggleObjectScript,Assembly-CSharp,Assets/Scripts/ToggleObjectScript.cs,3,3,Assets/Scenes/G_Flower_DEC8.unity | Assets/Scenes/Normal_Flower_DEC8.unity | Assets/Scenes/Tug_Leaves_Cut_And_ Angle_Cut_Combonation_NOV29.unity
LeafHingeBreak,Assembly-CSharp,Assets/Scripts/InteractionAndFeel/LeafHingeBreak.cs,2,2,Assets/Scenes/Marty_Single_Mesh_Flower.unity | Assets/Scenes/Marty_Stem_Cut.unity
MainMenuManager,Assembly-CSharp,Assets/Scripts/Framework/MainMenuManager.cs,2,2,Assets/Scenes/L_Main_Menu.unity | Assets/Scenes/Main_Menu.unity
MusicPlayer,Assembly-CSharp,Assets/Scripts/MusicPlayer.cs,2,2,Assets/Scenes/L_Main_Menu.unity | Assets/Scenes/Main_Menu.unity
Obi.Samples.ObiFluidPropertyColorizer,Assembly-CSharp,Assets/Obi/Samples/Fluid/SampleResources/Scripts/ObiFluidPropertyColorizer.cs,1,2,Assets/Obi/Samples/Fluid/FluidMixing.unity
SquishMesh,Assembly-CSharp,Assets/Scripts/InteractionAndFeel/SquishMesh.cs,2,2,Assets/Scenes/Marty_Single_Mesh_Flower.unity | Assets/Scenes/Marty_Stem_Cut.unity
StretchAudio,Assembly-CSharp,Assets/Scripts/StretchAudio.cs,2,2,Assets/Scenes/Lancy_Tug_Leaves.unity | Assets/_Recovery/0 (7).unity
TMPro.TMP_SubMeshUI,Unity.TextMeshPro,Packages/com.unity.ugui/Runtime/TMP/TMP_SubMeshUI.cs,1,2,Assets/Scenes/G_Flower_DEC8.unity
UnityEngine.UI.LayoutElement,UnityEngine.UI,Packages/com.unity.ugui/Runtime/UGUI/UI/Core/Layout/LayoutElement.cs,1,2,Assets/Scenes/G_Flower_DEC8.unity
BacklightPulse,Assembly-CSharp,Assets/Scripts/UI/BacklightPulse.cs,1,1,Assets/Scenes/L_Main_Menu.unity
CursorContext,Assembly-CSharp,Assets/ContextCursor.cs,1,1,Assets/Scenes/G_Flower_DEC8.unity
DynamicMeshCutter.DynamicRagdoll,Assembly-CSharp,Assets/Scripts/DynamicMeshCutter/Scripts/Ragdoll/DynamicRagdoll.cs,1,1,Assets/Scripts/DynamicMeshCutter/ExampleScene/ExampleScene.unity
DynamicMeshCutter.ReloadDemo,Assembly-CSharp,Assets/Scripts/DynamicMeshCutter/Scripts/Utility/ReloadDemo.cs,1,1,Assets/Scripts/DynamicMeshCutter/ExampleScene/ExampleScene.unity
MotionJitter,Assembly-CSharp,Assets/Scripts/UI/MotionJitter.cs,1,1,Assets/Scenes/L_Main_Menu.unity
MouseParallax,Assembly-CSharp,Assets/Scripts/UI/MouseParallax.cs,1,1,Assets/Scenes/L_Main_Menu.unity
Obi.ObiEmitterShapeMesh,Obi,Assets/Obi/Scripts/Fluid/DataStructures/ObiEmitterShapeMesh.cs,1,1,Assets/Obi/Samples/Fluid/WhiskeyBottle.unity
Obi.ObiForceZone,Obi,Assets/Obi/Scripts/Common/Utils/Forces/ObiForceZone.cs,1,1,Assets/Obi/Samples/Fluid/2DFluidPlayground.unity
Obi.Samples.CollisionEventHandler,Assembly-CSharp,Assets/Obi/Samples/Common/SampleResources/Scripts/CollisionEventHandler.cs,1,1,Assets/Obi/Samples/Fluid/FluidGranular.unity
Obi.Samples.ColorFromViscosity,Assembly-CSharp,Assets/Obi/Samples/Common/SampleResources/Scripts/ColorFromViscosity.cs,1,1,Assets/Obi/Samples/Fluid/Raclette.unity
Obi.Samples.ColorRandomizer,Assembly-CSharp,Assets/Obi/Samples/Common/SampleResources/Scripts/ColorRandomizer.cs,1,1,Assets/Obi/Samples/Fluid/RollingFriction.unity
Obi.Samples.EmitOnKeyPress,Assembly-CSharp,Assets/Obi/Samples/Fluid/SampleResources/Scripts/EmitOnKeyPress.cs,1,1,Assets/Obi/Samples/Fluid/SolidifyOnContact.unity
Obi.Samples.FluidColorDiffusion,Assembly-CSharp,Assets/Obi/Samples/Fluid/SampleResources/Scripts/FluidColorDiffusion.cs,1,1,Assets/Obi/Samples/Fluid/2DFluidPlayground.unity
Obi.Samples.FluidJetController,Assembly-CSharp,Assets/Obi/Samples/Fluid/SampleResources/Scripts/FluidJetController.cs,1,1,Assets/Obi/Samples/Fluid/FluidJet.unity
Obi.Samples.FoamColorOverLifetime,Assembly-CSharp,Assets/Obi/Samples/Fluid/SampleResources/Scripts/FoamColorOverLifetime.cs,1,1,Assets/Obi/Samples/Fluid/FluidKarmanVortex.unity
Obi.Samples.FoamEmissionOverLifetime,Assembly-CSharp,Assets/Obi/Samples/Fluid/SampleResources/Scripts/FoamEmissionOverLifetime.cs,1,1,Assets/Obi/Samples/Fluid/FluidKarmanVortex.unity
Obi.Samples.ForceZoneMouseController,Assembly-CSharp,Assets/Obi/Samples/Fluid/SampleResources/Scripts/ForceZoneMouseController.cs,1,1,Assets/Obi/Samples/Fluid/2DFluidPlayground.unity
Obi.Samples.MazeManager,Assembly-CSharp,Assets/Obi/Samples/Fluid/SampleResources/Scripts/MazeManager.cs,1,1,Assets/Obi/Samples/Fluid/FluidMaze.unity
Obi.Samples.Melt,Assembly-CSharp,Assets/Obi/Samples/Fluid/SampleResources/Scripts/Melt.cs,1,1,Assets/Obi/Samples/Fluid/Raclette.unity
Obi.Samples.OverlapTest,Assembly-CSharp,Assets/Obi/Samples/Fluid/SampleResources/Scripts/OverlapTest.cs,1,1,Assets/Obi/Samples/Fluid/FluidOverlapQuery.unity
Obi.Samples.SolidifyOnContact,Assembly-CSharp,Assets/Obi/Samples/Fluid/SampleResources/Scripts/SolidifyOnContact.cs,1,1,Assets/Obi/Samples/Fluid/SolidifyOnContact.unity
Obi.Samples.ViscositySurfTensionToUserData,Assembly-CSharp,Assets/Obi/Samples/Fluid/SampleResources/Scripts/ViscositySurfTensionToUserData.cs,1,1,Assets/Obi/Samples/Fluid/Raclette.unity
RRestart,Assembly-CSharp,Assets/Scripts/GameLogic/RRestart.cs,1,1,Assets/Scenes/G_Flower_DEC8.unity
ScissorStation,Assembly-CSharp,Assets/ScissorStation.cs,1,1,Assets/Scenes/G_Flower_DEC8.unity
ScissorsVisualController,Assembly-CSharp,Assets/Scripts/ScissorsVisualController.cs,1,1,Assets/Scenes/G_Flower_DEC8.unity
TMP_FocusBlur,Assembly-CSharp,Assets/Scripts/UI/TMP_FocusBlur.cs,1,1,Assets/Scenes/L_Main_Menu.unity
UnityEngine.UI.Shadow,UnityEngine.UI,Packages/com.unity.ugui/Runtime/UGUI/UI/Core/VertexModifiers/Shadow.cs,1,1,Assets/Obi/Samples/Fluid/FluidMaze.unity
